433,446,144,289,364,364,289,144,446,433,425,194,417,59,138,138,59,417,194,425,101,394,114,275,359,359,275,114,394,101,223,12,251,418,504,504,418,251,12,223,275,67,308,478,53,53,478,308,67,275,253,43,284,452,27,27,452,284,43,253,158,455,178,342,426,426,342,178,455,158,508,282,508,154,234,234,154,508,282,508,27,45,260,409,485,485,409,260,45,27,260,7,466,94,166,166,94,466,7,260,19,323,52,222,309,309,222,52,323,19,479,268,507,162,248,248,162,507,268,479,357,138,370,19,103,103,19,370,138,357,169,450,161,315,394,394,315,161,450,169,177,190,400,33,108,108,33,400,190,177,4,263,210,350,422,422,350,210,263,4,283,301,4,153,229,229,153,4,301,283,252,26,252,410,490,490,410,252,26,252,414,199,434,86,170,170,86,434,199,414,509,299,28,196,283,283,196,28,299,509
424,438,138,286,362,364,292,149,452,442,416,187,411,55,136,139,62,422,202,434,92,386,108,272,357,359,279,119,401,110,214,4,245,414,502,505,421,257,20,233,265,58,302,474,52,54,481,315,75,284,243,35,278,448,25,28,456,290,51,262,149,447,172,338,425,428,346,184,463,168,499,275,503,150,234,236,158,2,290,5,19,38,255,406,485,487,413,266,52,292,252,1,462,91,165,167,98,472,14,269,9,314,46,218,308,310,225,59,331,28,470,260,501,158,246,249,165,1,276,489,348,130,364,16,101,103,23,375,145,366,160,443,155,311,392,395,318,166,458,178,168,182,394,30,106,108,36,405,196,186,508,257,206,347,421,423,354,216,270,13,275,294,511,150,229,231,157,10,308,36,243,19,247,406,490,492,414,258,34,261,405,191,428,82,169,172,90,440,207,424,499,291,22,192,281,284,200,34,307,6
415,430,132,281,360,364,294,153,458,449,406,178,404,50,134,138,64,426,208,442,82,377,101,267,355,360,281,124,408,119,204,507,238,409,500,505,424,262,27,242,255,50,296,470,50,55,485,320,82,294,234,27,272,445,24,29,460,296,59,272,140,440,167,335,424,429,350,190,471,178,490,268,498,148,233,238,162,9,298,15,11,32,251,404,485,489,417,272,61,302,245,507,458,90,165,170,102,478,22,278,511,306,40,214,306,311,229,64,338,38,460,251,494,153,244,249,168,6,283,498,338,121,357,11,99,104,25,380,152,375,150,434,148,306,390,394,320,170,464,186,159,174,388,25,104,108,38,409,202,193,501,251,202,346,421,426,358,222,278,22,267,288,507,148,229,233,161,16,317,46,234,12,242,404,489,494,418,265,42,271,396,184,423,79,168,173,94,446,215,434,490,283,16,189,280,285,204,40,315,16
404,421,124,276,356,363,295,155,463,455,395,169,397,45,131,138,65,430,213,449,71,369,94,262,352,359,284,129,414,127,194,499,231,405,498,506,427,267,34,251,245,42,290,466,48,56,488,326,90,303,225,20,266,441,23,31,464,302,67,282,132,433,162,332,424,432,354,197,479,188,483,262,494,146,234,241,167,16,307,25,4,26,247,403,485,492,422,279,69,312,239,503,455,89,167,173,108,485,31,288,501,298,34,210,304,312,232,70,346,47,450,243,487,149,242,250,171,11,290,507,327,113,350,6,96,103,28,385,158,383,139,425,141,301,387,394,321,174,469,193,148,165,380,20,100,107,39,411,207,199,495,247,199,345,423,429,364,229,287,32,260,282,503,147,229,236,166,23,325,56,227,6,238,402,490,497,423,272,51,281,388,177,418,76,168,176,98,453,223,444,481,276,10,185,279,287,208,46,323,26
393,411,116,269,352,360,295,157,466,461,384,160,389,39,127,136,66,432,218,455,61,359,87,257,349,359,285,132,420,134,184,490,225,400,496,506,429,272,41,259,236,34,284,462,47,57,492,331,97,312,216,13,261,438,22,33,468,308,75,291,124,427,157,330,424,434,359,204,488,198,476,257,491,145,234,244,172,23,316,36,510,22,245,402,487,496,428,287,79,323,234,499,453,89,169,177,114,493,297,299,492,290,28,206,303,313,236,75,353,56,440,234,481,144,240,250,173,16,297,3,317,103,343,1,93,103,29,388,164,390,128,416,133,295,383,392,322,176,474,199,137,155,372,13,96,104,39,413,210,205,490,243,197,345,425,433,370,237,41,43,254,278,501,146,231,240,172,31,335,67,220,1,235,401,490,500,428,279,60,292,380,171,413,74,168,178,103,460,232,454,472,269,5,182,278,289,212,52,331,35
382,401,107,262,347,357,293,158,469,465,373,150,381,32,122,133,66,434,221,460,50,350,79,251,345,357,286,135,425,140,174,482,218,395,493,505,431,275,46,266,227,26,278,458,45,58,494,336,104,320,208,6,256,435,22,34,472,314,83,301,117,421,154,329,425,437,364,211,497,208,470,252,488,144,236,247,178,31,325,46,505,19,243,402,489,500,434,295,88,334,230,497,453,90,172,182,121,502,307,310,483,282,22,202,301,314,238,80,360,64,430,226,474,139,237,249,175,19,302,10,306,94,335,507,89,101,30,391,169,396,117,406,125,288,378,389,322,178,477,204,126,145,363,6,91,101,37,414,213,209,486,241,197,346,428,438,377,246,51,54,249,275,499,146,233,244,178,39,344,78,214,508,232,400,492,503,434,287,69,302,373,165,410,73,169,181,108,467,241,464,464,262,0,179,278,290,216,58,339,45
370,390,98,254,341,353,291,158,470,468,362,140,372,25,117,130,64,435,224,464,39,341,71,245,341,355,286,137,428,146,164,473,211,390,490,504,432,279,51,273,218,19,272,454,43,58,497,341,111,328,200,0,252,433,21,36,476,320,91,310,110,416,150,327,426,440,369,218,505,218,465,248,486,144,238,252,184,39,335,57,501,16,242,403,492,505,441,304,98,345,227,496,453,93,176,188,128,511,317,322,474,275,16,198,299,314,241,85,367,72,420,217,467,134,234,248,176,23,307,17,295,85,327,501,85,99,30,393,172,402,106,396,116,281,373,386,320,179,480,208,114,134,354,510,85,97,35,414,214,212,483,240,197,349,432,444,384,255,61,66,245,272,498,147,236,249,185,48,354,89,209,504,230,400,494,508,440,295,79,313,366,160,406,71,170,184,113,474,249,474,456,256,508,177,277,292,220,64,347,54
358,379,88,246,334,348,288,156,470,470,351,129,363,18,111,126,62,435,225,467,29,331,63,238,336,352,285,138,431,150,154,465,204,385,487,503,433,281,56,279,210,12,266,450,41,58,499,345,116,336,193,506,247,430,21,38,479,326,98,318,104,412,148,326,427,443,374,225,2,228,460,246,485,144,241,256,190,47,344,68,498,15,243,405,496,511,449,313,109,357,225,495,455,96,181,195,136,8,328,334,466,268,10,194,297,314,243,89,372,80,410,209,460,129,231,247,177,25,312,23,285,75,319,494,80,96,29,394,175,406,95,385,107,274,367,382,318,179,481,211,102,123,344,502,78,92,32,412,214,214,481,239,199,352,437,451,392,264,72,78,242,271,499,149,240,255,193,57,365,101,204,502,229,400,497,0,446,303,88,324,360,156,404,70,171,187,118,481,258,484,449,250,503,174,277,294,223,70,354,62
346,368,78,237,326,342,284,154,469,470,339,119,353,10,105,122,60,433,226,469,18,322,55,231,331,349,284,139,433,154,145,457,197,380,483,501,434,284,60,284,202,5,261,446,40,58,501,349,122,342,186,501,244,428,21,40,483,331,105,326,100,408,146,326,428,446,380,231,10,237,457,244,484,146,244,261,197,55,353,78,496,14,244,408,501,5,457,322,119,368,224,496,457,100,186,202,145,18,339,346,458,261,5,190,296,314,245,93,378,86,401,201,453,124,227,245,178,28,316,28,274,66,311,487,75,93,28,395,177,410,83,375,97,266,361,378,316,177,482,213,90,112,334,493,70,86,28,410,213,214,480,240,201,356,442,458,401,274,83,90,240,270,500,152,245,261,201,66,375,112,201,500,228,402,500,5,453,311,97,334,356,152,402,70,172,190,124,487,266,493,442,245,500,172,277,296,227,75,361,70
334,357,68,228,318,336,279,150,467,470,328,109,344,2,98,116,56,431,225,470,8,313,47,225,326,345,281,138,435,156,136,449,190,374,479,499,433,285,62,288,195,511,256,443,38,58,503,352,126,348,181,496,241,427,21,41,487,336,111,334,96,405,144,326,430,450,385,238,18,246,455,243,485,148,247,266,204,63,363,88,495,15,246,412,506,12,465,331,129,379,225,498,460,104,193,210,154,29,351,358,451,255,0,187,294,314,247,96,382,92,392,193,446,118,223,243,177,29,318,32,264,57,303,481,70,89,25,394,179,412,72,365,88,258,354,372,312,175,481,214,78,101,324,484,62,80,23,406,211,214,481,242,204,360,449,466,410,285,95,102,239,271,502,156,250,268,209,75,385,123,199,499,229,404,503,10,460,319,107,344,352,149,400,70,174,194,129,494,274,502,437,240,497,171,277,297,231,80,367,78
322,345,57,218,310,328,273,146,464,468,317,98,335,505,91,111,51,428,224,470,511,304,39,218,320,341,279,137,435,158,128,441,184,369,476,497,432,286,64,291,188,505,252,440,36,58,504,355,130,353,176,492,238,426,21,43,490,341,117,341,93,403,144,327,433,454,390,245,25,254,453,242,486,150,252,272,211,71,372,98,496,16,248,416,0,19,473,341,140,390,227,501,465,110,200,218,164,39,362,370,444,249,508,184,292,314,248,99,386,97,384,185,440,113,220,241,176,30,320,35,255,48,295,474,64,85,23,393,179,414,61,354,79,249,347,367,307,172,480,214,66,89,313,474,54,72,17,402,208,212,483,245,209,366,456,474,420,295,106,114,240,272,504,160,256,275,217,85,396,134,197,498,230,406,508,16,467,327,116,354,349,147,400,71,177,198,134,501,281,510,432,236,494,170,277,299,234,85,373,85
310,334,46,208,301,320,266,140,460,465,307,88,325,497,83,104,46,425,221,469,502,295,31,211,314,336,275,135,434,158,121,434,178,364,472,494,431,286,66,293,182,500,247,437,34,58,505,357,133,357,172,489,236,425,22,45,493,345,122,347,90,402,144,329,435,458,395,251,32,262,453,243,488,154,256,278,218,79,381,107,497,19,252,421,6,26,482,350,150,401,230,505,470,117,208,227,174,50,373,382,438,244,503,181,290,314,249,101,389,101,377,178,434,108,216,238,175,30,322,37,246,39,287,467,58,80,19,391,178,414,51,344,69,241,339,360,302,169,477,213,54,78,302,464,45,64,10,396,204,209,486,249,214,373,464,483,430,306,117,126,241,275,508,165,262,282,226,94,406,145,197,499,232,410,0,22,474,335,125,363,346,146,400,73,179,202,139,507,288,6,428,233,492,169,278,301,237,89,378,91
299,323,36,198,291,312,259,134,455,461,297,79,316,488,75,97,41,420,218,466,493,287,23,204,308,331,272,132,432,157,114,428,172,359,468,492,429,285,66,295,177,496,244,434,33,57,506,359,136,360,169,487,234,424,22,47,496,349,127,352,89,402,145,330,438,462,400,257,39,269,453,245,491,157,261,284,225,87,389,116,499,22,257,427,13,34,490,359,160,411,234,510,476,124,216,236,184,61,384,393,433,240,500,178,289,313,250,103,392,104,370,172,428,103,212,236,173,29,322,39,237,31,279,460,52,75,16,388,176,413,41,335,60,232,331,353,297,164,474,210,43,67,292,454,35,56,3,390,199,205,490,254,220,380,472,492,440,317,128,137,243,278,1,171,269,290,234,103,416,155,197,501,235,413,5,28,481,343,133,372,345,146,401,74,182,206,144,1,295,13,425,231,490,168,278,303,240,93,383,96
288,312,25,188,282,303,251,127,449,455,31,69,307,479,67,90,34,414,213,463,485,279,16,197,302,326,267,129,430,155,108,422,167,354,464,488,427,284,65,295,173,492,241,432,31,56,506,359,138,363,167,485,234,424,23,48,498,352,131,356,89,403,146,332,441,466,405,262,45,276,455,247,494,162,266,290,231,94,397,124,503,26,262,433,20,42,499,369,169,421,239,4,483,132,225,245,194,71,395,404,429,236,497,176,287,312,250,103,394,107,364,166,423,98,208,232,171,28,321,39,229,23,272,453,46,70,11,385,174,411,287,325,51,223,323,346,290,158,469,207,32,56,281,444,26,47,507,383,193,199,495,260,227,388,481,501,450,327,139,148,247,282,6,177,276,298,243,113,425,165,199,503,238,418,10,34,487,350,141,380,345,147,402,76,185,210,149,6,301,20,423,229,490,168,279,304,242,96,387,100
278,302,15,178,272,294,242,119,442,449,22,61,298,471,59,82,27,408,208,458,478,272,9,190,296,320,262,124,426,153,102,417,162,350,460,485,424,281,64,294,170,489,238,429,29,55,505,360,138,364,165,485,233,424,24,50,500,355,134,360,90,404,148,335,445,470,409,267,50,281,458,251,498,167,272,296,238,101,404,132,507,32,268,440,27,50,507,377,178,430,245,11,490,140,234,255,204,82,406,415,426,233,494,173,285,311,249,104,394,108,358,161,418,94,204,229,168,25,320,38,222,16,265,446,40,64,6,380,170,409,278,317,42,215,315,338,283,152,464,202,22,46,271,434,16,38,498,375,186,193,501,267,234,396,490,511,460,338,150,159,251,288,12,184,283,306,251,121,434,174,202,507,242,423,16,40,494,357,148,388,346,148,404,79,189,214,153,11,306,25,421,229,489,168,280,306,244,99,390,104
269,292,5,168,262,284,233,110,434,442,14,52,290,463,51,75,20,401,202,452,472,266,2,184,290,315,257,119,422,149,98,413,158,346,456,481,421,279,62,292,167,487,236,428,28,54,505,359,139,364,165,485,234,425,25,52,502,357,136,362,91,406,150,338,448,474,414,272,55,286,462,255,503,172,278,302,245,108,411,138,1,38,275,447,35,58,4,386,187,438,252,19,499,149,243,265,214,92,416,424,423,231,492,172,284,310,249,103,395,108,354,157,414,90,200,225,165,23,318,36,216,10,258,440,34,59,1,375,166,405,270,308,34,207,307,331,276,145,458,196,13,36,261,424,6,28,489,366,178,186,508,275,243,405,499,9,470,348,160,168,257,294,19,191,291,314,260,130,443,182,206,511,247,428,22,46,501,364,155,394,347,150,406,82,192,218,158,16,311,30,421,229,490,169,281,308,246,101,392,106
260,27,508,158,253,275,223,101,425,433,7,45,282,455,43,67,12,394,194,446,466,260,508,178,284,308,251,114,417,144,94,409,154,342,452,478,418,275,59,289,166,485,234,426,27,53,504,359,138,364,166,485,234,426,27,53,504,359,138,364,94,409,154,342,452,478,418,275,59,289,466,260,508,178,284,308,251,114,417,144,7,45,282,455,43,67,12,394,194,446,260,27,508,158,253,275,223,101,425,433,422,229,490,170,283,309,248,103,394,108,350,153,410,86,196,222,162,19,315,33,210,4,252,434,28,52,507,370,161,400,263,301,26,199,299,323,268,138,450,190,4,283,252,414,509,19,479,357,169,177,4,283,252,414,509,19,479,357,169,177,263,301,26,199,299,323,268,138,450,190,210,4,252,434,28,52,507,370,161,400,350,153,410,86,196,222,162,19,315,33,422,229,490,170,283,309,248,103,394,108
252,19,499,149,243,265,214,92,416,424,1,38,275,447,35,58,4,386,187,438,462,255,503,172,278,302,245,108,411,138,91,406,150,338,448,474,414,272,55,286,165,485,234,425,25,52,502,357,136,362,167,487,236,428,28,54,505,359,139,364,98,413,158,346,456,481,421,279,62,292,472,266,2,184,290,315,257,119,422,149,14,52,290,463,51,75,20,401,202,452,269,292,5,168,262,284,233,110,434,442,421,229,490,169,281,308,246,101,392,106,347,150,406,82,192,218,158,16,311,30,206,511,247,428,22,46,501,364,155,394,257,294,19,191,291,314,260,130,443,182,508,275,243,405,499,9,470,348,160,168,13,36,261,424,6,28,489,366,178,186,270,308,34,207,307,331,276,145,458,196,216,10,258,440,34,59,1,375,166,405,354,157,414,90,200,225,165,23,318,36,423,231,492,172,284,310,249,103,395,108
245,11,490,140,234,255,204,82,406,415,507,32,268,440,27,50,507,377,178,430,458,251,498,167,272,296,238,101,404,132,90,404,148,335,445,470,409,267,50,281,165,485,233,424,24,50,500,355,134,360,170,489,238,429,29,55,505,360,138,364,102,417,162,350,460,485,424,281,64,294,478,272,9,190,296,320,262,124,426,153,22,61,298,471,59,82,27,408,208,458,278,302,15,178,272,294,242,119,442,449,421,229,489,168,280,306,244,99,390,104,346,148,404,79,189,214,153,11,306,25,202,507,242,423,16,40,494,357,148,388,251,288,12,184,283,306,251,121,434,174,501,267,234,396,490,511,460,338,150,159,22,46,271,434,16,38,498,375,186,193,278,317,42,215,315,338,283,152,464,202,222,16,265,446,40,64,6,380,170,409,358,161,418,94,204,229,168,25,320,38,426,233,494,173,285,311,249,104,394,108
239,4,483,132,225,245,194,71,395,404,503,26,262,433,20,42,499,369,169,421,455,247,494,162,266,290,231,94,397,124,89,403,146,332,441,466,405,262,45,276,167,485,234,424,23,48,498,352,131,356,173,492,241,432,31,56,506,359,138,363,108,422,167,354,464,488,427,284,65,295,485,279,16,197,302,326,267,129,430,155,31,69,307,479,67,90,34,414,213,463,288,312,25,188,282,303,251,127,449,455,423,229,490,168,279,304,242,96,387,100,345,147,402,76,185,210,149,6,301,20,199,503,238,418,10,34,487,350,141,380,247,282,6,177,276,298,243,113,425,165,495,260,227,388,481,501,450,327,139,148,32,56,281,444,26,47,507,383,193,199,287,325,51,223,323,346,290,158,469,207,229,23,272,453,46,70,11,385,174,411,364,166,423,98,208,232,171,28,321,39,429,236,497,176,287,312,250,103,394,107
234,510,476,124,216,236,184,61,384,393,499,22,257,427,13,34,490,359,160,411,453,245,491,157,261,284,225,87,389,116,89,402,145,330,438,462,400,257,39,269,169,487,234,424,22,47,496,349,127,352,177,496,244,434,33,57,506,359,136,360,114,428,172,359,468,492,429,285,66,295,493,287,23,204,308,331,272,132,432,157,297,79,316,488,75,97,41,420,218,466,299,323,36,198,291,312,259,134,455,461,425,231,490,168,278,303,240,93,383,96,345,146,401,74,182,206,144,1,295,13,197,501,235,413,5,28,481,343,133,372,243,278,1,171,269,290,234,103,416,155,490,254,220,380,472,492,440,317,128,137,43,67,292,454,35,56,3,390,199,205,41,335,60,232,331,353,297,164,474,210,237,31,279,460,52,75,16,388,176,413,370,172,428,103,212,236,173,29,322,39,433,240,500,178,289,313,250,103,392,104
230,505,470,117,208,227,174,50,373,382,497,19,252,421,6,26,482,350,150,401,453,243,488,154,256,278,218,79,381,107,90,402,144,329,435,458,395,251,32,262,172,489,236,425,22,45,493,345,122,347,182,500,247,437,34,58,505,357,133,357,121,434,178,364,472,494,431,286,66,293,502,295,31,211,314,336,275,135,434,158,307,88,325,497,83,104,46,425,221,469,310,334,46,208,301,320,266,140,460,465,428,233,492,169,278,301,237,89,378,91,346,146,400,73,179,202,139,507,288,6,197,499,232,410,0,22,474,335,125,363,241,275,508,165,262,282,226,94,406,145,486,249,214,373,464,483,430,306,117,126,54,78,302,464,45,64,10,396,204,209,51,344,69,241,339,360,302,169,477,213,246,39,287,467,58,80,19,391,178,414,377,178,434,108,216,238,175,30,322,37,438,244,503,181,290,314,249,101,389,101
227,501,465,110,200,218,164,39,362,370,496,16,248,416,0,19,473,341,140,390,453,242,486,150,252,272,211,71,372,98,93,403,144,327,433,454,390,245,25,254,176,492,238,426,21,43,490,341,117,341,188,505,252,440,36,58,504,355,130,353,128,441,184,369,476,497,432,286,64,291,511,304,39,218,320,341,279,137,435,158,317,98,335,505,91,111,51,428,224,470,322,345,57,218,310,328,273,146,464,468,432,236,494,170,277,299,234,85,373,85,349,147,400,71,177,198,134,501,281,510,197,498,230,406,508,16,467,327,116,354,240,272,504,160,256,275,217,85,396,134,483,245,209,366,456,474,420,295,106,114,66,89,313,474,54,72,17,402,208,212,61,354,79,249,347,367,307,172,480,214,255,48,295,474,64,85,23,393,179,414,384,185,440,113,220,241,176,30,320,35,444,249,508,184,292,314,248,99,386,97
225,498,460,104,193,210,154,29,351,358,495,15,246,412,506,12,465,331,129,379,455,243,485,148,247,266,204,63,363,88,96,405,144,326,430,450,385,238,18,246,181,496,241,427,21,41,487,336,111,334,195,511,256,443,38,58,503,352,126,348,136,449,190,374,479,499,433,285,62,288,8,313,47,225,326,345,281,138,435,156,328,109,344,2,98,116,56,431,225,470,334,357,68,228,318,336,279,150,467,470,437,240,497,171,277,297,231,80,367,78,352,149,400,70,174,194,129,494,274,502,199,499,229,404,503,10,460,319,107,344,239,271,502,156,250,268,209,75,385,123,481,242,204,360,449,466,410,285,95,102,78,101,324,484,62,80,23,406,211,214,72,365,88,258,354,372,312,175,481,214,264,57,303,481,70,89,25,394,179,412,392,193,446,118,223,243,177,29,318,32,451,255,0,187,294,314,247,96,382,92
224,496,457,100,186,202,145,18,339,346,496,14,244,408,501,5,457,322,119,368,457,244,484,146,244,261,197,55,353,78,100,408,146,326,428,446,380,231,10,237,186,501,244,428,21,40,483,331,105,326,202,5,261,446,40,58,501,349,122,342,145,457,197,380,483,501,434,284,60,284,18,322,55,231,331,349,284,139,433,154,339,119,353,10,105,122,60,433,226,469,346,368,78,237,326,342,284,154,469,470,442,245,500,172,277,296,227,75,361,70,356,152,402,70,172,190,124,487,266,493,201,500,228,402,500,5,453,311,97,334,240,270,500,152,245,261,201,66,375,112,480,240,201,356,442,458,401,274,83,90,90,112,334,493,70,86,28,410,213,214,83,375,97,266,361,378,316,177,482,213,274,66,311,487,75,93,28,395,177,410,401,201,453,124,227,245,178,28,316,28,458,261,5,190,296,314,245,93,378,86
225,495,455,96,181,195,136,8,328,334,498,15,243,405,496,511,449,313,109,357,460,246,485,144,241,256,190,47,344,68,104,412,148,326,427,443,374,225,2,228,193,506,247,430,21,38,479,326,98,318,210,12,266,450,41,58,499,345,116,336,154,465,204,385,487,503,433,281,56,279,29,331,63,238,336,352,285,138,431,150,351,129,363,18,111,126,62,435,225,467,358,379,88,246,334,348,288,156,470,470,449,250,503,174,277,294,223,70,354,62,360,156,404,70,171,187,118,481,258,484,204,502,229,400,497,0,446,303,88,324,242,271,499,149,240,255,193,57,365,101,481,239,199,352,437,451,392,264,72,78,102,123,344,502,78,92,32,412,214,214,95,385,107,274,367,382,318,179,481,211,285,75,319,494,80,96,29,394,175,406,410,209,460,129,231,247,177,25,312,23,466,268,10,194,297,314,243,89,372,80
227,496,453,93,176,188,128,511,317,322,501,16,242,403,492,505,441,304,98,345,465,248,486,144,238,252,184,39,335,57,110,416,150,327,426,440,369,218,505,218,200,0,252,433,21,36,476,320,91,310,218,19,272,454,43,58,497,341,111,328,164,473,211,390,490,504,432,279,51,273,39,341,71,245,341,355,286,137,428,146,362,140,372,25,117,130,64,435,224,464,370,390,98,254,341,353,291,158,470,468,456,256,508,177,277,292,220,64,347,54,366,160,406,71,170,184,113,474,249,474,209,504,230,400,494,508,440,295,79,313,245,272,498,147,236,249,185,48,354,89,483,240,197,349,432,444,384,255,61,66,114,134,354,510,85,97,35,414,214,212,106,396,116,281,373,386,320,179,480,208,295,85,327,501,85,99,30,393,172,402,420,217,467,134,234,248,176,23,307,17,474,275,16,198,299,314,241,85,367,72
230,497,453,90,172,182,121,502,307,310,505,19,243,402,489,500,434,295,88,334,470,252,488,144,236,247,178,31,325,46,117,421,154,329,425,437,364,211,497,208,208,6,256,435,22,34,472,314,83,301,227,26,278,458,45,58,494,336,104,320,174,482,218,395,493,505,431,275,46,266,50,350,79,251,345,357,286,135,425,140,373,150,381,32,122,133,66,434,221,460,382,401,107,262,347,357,293,158,469,465,464,262,0,179,278,290,216,58,339,45,373,165,410,73,169,181,108,467,241,464,214,508,232,400,492,503,434,287,69,302,249,275,499,146,233,244,178,39,344,78,486,241,197,346,428,438,377,246,51,54,126,145,363,6,91,101,37,414,213,209,117,406,125,288,378,389,322,178,477,204,306,94,335,507,89,101,30,391,169,396,430,226,474,139,237,249,175,19,302,10,483,282,22,202,301,314,238,80,360,64
234,499,453,89,169,177,114,493,297,299,510,22,245,402,487,496,428,287,79,323,476,257,491,145,234,244,172,23,316,36,124,427,157,330,424,434,359,204,488,198,216,13,261,438,22,33,468,308,75,291,236,34,284,462,47,57,492,331,97,312,184,490,225,400,496,506,429,272,41,259,61,359,87,257,349,359,285,132,420,134,384,160,389,39,127,136,66,432,218,455,393,411,116,269,352,360,295,157,466,461,472,269,5,182,278,289,212,52,331,35,380,171,413,74,168,178,103,460,232,454,220,1,235,401,490,500,428,279,60,292,254,278,501,146,231,240,172,31,335,67,490,243,197,345,425,433,370,237,41,43,137,155,372,13,96,104,39,413,210,205,128,416,133,295,383,392,322,176,474,199,317,103,343,1,93,103,29,388,164,390,440,234,481,144,240,250,173,16,297,3,492,290,28,206,303,313,236,75,353,56
239,503,455,89,167,173,108,485,31,288,4,26,247,403,485,492,422,279,69,312,483,262,494,146,234,241,167,16,307,25,132,433,162,332,424,432,354,197,479,188,225,20,266,441,23,31,464,302,67,282,245,42,290,466,48,56,488,326,90,303,194,499,231,405,498,506,427,267,34,251,71,369,94,262,352,359,284,129,414,127,395,169,397,45,131,138,65,430,213,449,404,421,124,276,356,363,295,155,463,455,481,276,10,185,279,287,208,46,323,26,388,177,418,76,168,176,98,453,223,444,227,6,238,402,490,497,423,272,51,281,260,282,503,147,229,236,166,23,325,56,495,247,199,345,423,429,364,229,287,32,148,165,380,20,100,107,39,411,207,199,139,425,141,301,387,394,321,174,469,193,327,113,350,6,96,103,28,385,158,383,450,243,487,149,242,250,171,11,290,507,501,298,34,210,304,312,232,70,346,47
245,507,458,90,165,170,102,478,22,278,11,32,251,404,485,489,417,272,61,302,490,268,498,148,233,238,162,9,298,15,140,440,167,335,424,429,350,190,471,178,234,27,272,445,24,29,460,296,59,272,255,50,296,470,50,55,485,320,82,294,204,507,238,409,500,505,424,262,27,242,82,377,101,267,355,360,281,124,408,119,406,178,404,50,134,138,64,426,208,442,415,430,132,281,360,364,294,153,458,449,490,283,16,189,280,285,204,40,315,16,396,184,423,79,168,173,94,446,215,434,234,12,242,404,489,494,418,265,42,271,267,288,507,148,229,233,161,16,317,46,501,251,202,346,421,426,358,222,278,22,159,174,388,25,104,108,38,409,202,193,150,434,148,306,390,394,320,170,464,186,338,121,357,11,99,104,25,380,152,375,460,251,494,153,244,249,168,6,283,498,511,306,40,214,306,311,229,64,338,38
252,1,462,91,165,167,98,472,14,269,19,38,255,406,485,487,413,266,52,292,499,275,503,150,234,236,158,2,290,5,149,447,172,338,425,428,346,184,463,168,243,35,278,448,25,28,456,290,51,262,265,58,302,474,52,54,481,315,75,284,214,4,245,414,502,505,421,257,20,233,92,386,108,272,357,359,279,119,401,110,416,187,411,55,136,139,62,422,202,434,424,438,138,286,362,364,292,149,452,442,499,291,22,192,281,284,200,34,307,6,405,191,428,82,169,172,90,440,207,424,243,19,247,406,490,492,414,258,34,261,275,294,511,150,229,231,157,10,308,36,508,257,206,347,421,423,354,216,270,13,168,182,394,30,106,108,36,405,196,186,160,443,155,311,392,395,318,166,458,178,348,130,364,16,101,103,23,375,145,366,470,260,501,158,246,249,165,1,276,489,9,314,46,218,308,310,225,59,331,28
260,7,466,94,166,166,94,466,7,260,27,45,260,409,485,485,409,260,45,27,508,282,508,154,234,234,154,508,282,508,158,455,178,342,426,426,342,178,455,158,253,43,284,452,27,27,452,284,43,253,275,67,308,478,53,53,478,308,67,275,223,12,251,418,504,504,418,251,12,223,101,394,114,275,359,359,275,114,394,101,425,194,417,59,138,138,59,417,194,425,433,446,144,289,364,364,289,144,446,433,509,299,28,196,283,283,196,28,299,509,414,199,434,86,170,170,86,434,199,414,252,26,252,410,490,490,410,252,26,252,283,301,4,153,229,229,153,4,301,283,4,263,210,350,422,422,350,210,263,4,177,190,400,33,108,108,33,400,190,177,169,450,161,315,394,394,315,161,450,169,357,138,370,19,103,103,19,370,138,357,479,268,507,162,248,248,162,507,268,479,19,323,52,222,309,309,222,52,323,19
269,14,472,98,167,165,91,462,1,252,292,52,266,413,487,485,406,255,38,19,5,290,2,158,236,234,150,503,275,499,168,463,184,346,428,425,338,172,447,149,262,51,290,456,28,25,448,278,35,243,284,75,315,481,54,52,474,302,58,265,233,20,257,421,505,502,414,245,4,214,110,401,119,279,359,357,272,108,386,92,434,202,422,62,139,136,55,411,187,416,442,452,149,292,364,362,286,138,438,424,6,307,34,200,284,281,192,22,291,499,424,207,440,90,172,169,82,428,191,405,261,34,258,414,492,490,406,247,19,243,36,308,10,157,231,229,150,511,294,275,13,270,216,354,423,421,347,206,257,508,186,196,405,36,108,106,30,394,182,168,178,458,166,318,395,392,311,155,443,160,366,145,375,23,103,101,16,364,130,348,489,276,1,165,249,246,158,501,260,470,28,331,59,225,310,308,218,46,314,9
278,22,478,102,170,165,90,458,507,245,302,61,272,417,489,485,404,251,32,11,15,298,9,162,238,233,148,498,268,490,178,471,190,350,429,424,335,167,440,140,272,59,296,460,29,24,445,272,27,234,294,82,320,485,55,50,470,296,50,255,242,27,262,424,505,500,409,238,507,204,119,408,124,281,360,355,267,101,377,82,442,208,426,64,138,134,50,404,178,406,449,458,153,294,364,360,281,132,430,415,16,315,40,204,285,280,189,16,283,490,434,215,446,94,173,168,79,423,184,396,271,42,265,418,494,489,404,242,12,234,46,317,16,161,233,229,148,507,288,267,22,278,222,358,426,421,346,202,251,501,193,202,409,38,108,104,25,388,174,159,186,464,170,320,394,390,306,148,434,150,375,152,380,25,104,99,11,357,121,338,498,283,6,168,249,244,153,494,251,460,38,338,64,229,311,306,214,40,306,511
288,31,485,108,173,167,89,455,503,239,312,69,279,422,492,485,403,247,26,4,25,307,16,167,241,234,146,494,262,483,188,479,197,354,432,424,332,162,433,132,282,67,302,464,31,23,441,266,20,225,303,90,326,488,56,48,466,290,42,245,251,34,267,427,506,498,405,231,499,194,127,414,129,284,359,352,262,94,369,71,449,213,430,65,138,131,45,397,169,395,455,463,155,295,363,356,276,124,421,404,26,323,46,208,287,279,185,10,276,481,444,223,453,98,176,168,76,418,177,388,281,51,272,423,497,490,402,238,6,227,56,325,23,166,236,229,147,503,282,260,32,287,229,364,429,423,345,199,247,495,199,207,411,39,107,100,20,380,165,148,193,469,174,321,394,387,301,141,425,139,383,158,385,28,103,96,6,350,113,327,507,290,11,171,250,242,149,487,243,450,47,346,70,232,312,304,210,34,298,501
299,297,493,114,177,169,89,453,499,234,323,79,287,428,496,487,402,245,22,510,36,316,23,172,244,234,145,491,257,476,198,488,204,359,434,424,330,157,427,124,291,75,308,468,33,22,438,261,13,216,312,97,331,492,57,47,462,284,34,236,259,41,272,429,506,496,400,225,490,184,134,420,132,285,359,349,257,87,359,61,455,218,432,66,136,127,39,389,160,384,461,466,157,295,360,352,269,116,411,393,35,331,52,212,289,278,182,5,269,472,454,232,460,103,178,168,74,413,171,380,292,60,279,428,500,490,401,235,1,220,67,335,31,172,240,231,146,501,278,254,43,41,237,370,433,425,345,197,243,490,205,210,413,39,104,96,13,372,155,137,199,474,176,322,392,383,295,133,416,128,390,164,388,29,103,93,1,343,103,317,3,297,16,173,250,240,144,481,234,440,56,353,75,236,313,303,206,28,290,492
310,307,502,121,182,172,90,453,497,230,334,88,295,434,500,489,402,243,19,505,46,325,31,178,247,236,144,488,252,470,208,497,211,364,437,425,329,154,421,117,301,83,314,472,34,22,435,256,6,208,320,104,336,494,58,45,458,278,26,227,266,46,275,431,505,493,395,218,482,174,140,425,135,286,357,345,251,79,350,50,460,221,434,66,133,122,32,381,150,373,465,469,158,293,357,347,262,107,401,382,45,339,58,216,290,278,179,0,262,464,464,241,467,108,181,169,73,410,165,373,302,69,287,434,503,492,400,232,508,214,78,344,39,178,244,233,146,499,275,249,54,51,246,377,438,428,346,197,241,486,209,213,414,37,101,91,6,363,145,126,204,477,178,322,389,378,288,125,406,117,396,169,391,30,101,89,507,335,94,306,10,302,19,175,249,237,139,474,226,430,64,360,80,238,314,301,202,22,282,483
322,317,511,128,188,176,93,453,496,227,345,98,304,441,505,492,403,242,16,501,57,335,39,184,252,238,144,486,248,465,218,505,218,369,440,426,327,150,416,110,310,91,320,476,36,21,433,252,0,200,328,111,341,497,58,43,454,272,19,218,273,51,279,432,504,490,390,211,473,164,146,428,137,286,355,341,245,71,341,39,464,224,435,64,130,117,25,372,140,362,468,470,158,291,353,341,254,98,390,370,54,347,64,220,292,277,177,508,256,456,474,249,474,113,184,170,71,406,160,366,313,79,295,440,508,494,400,230,504,209,89,354,48,185,249,236,147,498,272,245,66,61,255,384,444,432,349,197,240,483,212,214,414,35,97,85,510,354,134,114,208,480,179,320,386,373,281,116,396,106,402,172,393,30,99,85,501,327,85,295,17,307,23,176,248,234,134,467,217,420,72,367,85,241,314,299,198,16,275,474
334,328,8,136,195,181,96,455,495,225,357,109,313,449,511,496,405,243,15,498,68,344,47,190,256,241,144,485,246,460,228,2,225,374,443,427,326,148,412,104,318,98,326,479,38,21,430,247,506,193,336,116,345,499,58,41,450,266,12,210,279,56,281,433,503,487,385,204,465,154,150,431,138,285,352,336,238,63,331,29,467,225,435,62,126,111,18,363,129,351,470,470,156,288,348,334,246,88,379,358,62,354,70,223,294,277,174,503,250,449,484,258,481,118,187,171,70,404,156,360,324,88,303,446,0,497,400,229,502,204,101,365,57,193,255,240,149,499,271,242,78,72,264,392,451,437,352,199,239,481,214,214,412,32,92,78,502,344,123,102,211,481,179,318,382,367,274,107,385,95,406,175,394,29,96,80,494,319,75,285,23,312,25,177,247,231,129,460,209,410,80,372,89,243,314,297,194,10,268,466
346,339,18,145,202,186,100,457,496,224,368,119,322,457,5,501,408,244,14,496,78,353,55,197,261,244,146,484,244,457,237,10,231,380,446,428,326,146,408,100,326,105,331,483,40,21,428,244,501,186,342,122,349,501,58,40,446,261,5,202,284,60,284,434,501,483,380,197,457,145,154,433,139,284,349,331,231,55,322,18,469,226,433,60,122,105,10,353,119,339,470,469,154,284,342,326,237,78,368,346,70,361,75,227,296,277,172,500,245,442,493,266,487,124,190,172,70,402,152,356,334,97,311,453,5,500,402,228,500,201,112,375,66,201,261,245,152,500,270,240,90,83,274,401,458,442,356,201,240,480,214,213,410,28,86,70,493,334,112,90,213,482,177,316,378,361,266,97,375,83,410,177,395,28,93,75,487,311,66,274,28,316,28,178,245,227,124,453,201,401,86,378,93,245,314,296,190,5,261,458
358,351,29,154,210,193,104,460,498,225,379,129,331,465,12,506,412,246,15,495,88,363,63,204,266,247,148,485,243,455,246,18,238,385,450,430,326,144,405,96,334,111,336,487,41,21,427,241,496,181,348,126,352,503,58,38,443,256,511,195,288,62,285,433,499,479,374,190,449,136,156,435,138,281,345,326,225,47,313,8,470,225,431,56,116,98,2,344,109,328,470,467,150,279,336,318,228,68,357,334,78,367,80,231,297,277,171,497,240,437,502,274,494,129,194,174,70,400,149,352,344,107,319,460,10,503,404,229,499,199,123,385,75,209,268,250,156,502,271,239,102,95,285,410,466,449,360,204,242,481,214,211,406,23,80,62,484,324,101,78,214,481,175,312,372,354,258,88,365,72,412,179,394,25,89,70,481,303,57,264,32,318,29,177,243,223,118,446,193,392,92,382,96,247,314,294,187,0,255,451
370,362,39,164,218,200,110,465,501,227,390,140,341,473,19,0,416,248,16,496,98,372,71,211,272,252,150,486,242,453,254,25,245,390,454,433,327,144,403,93,341,117,341,490,43,21,426,238,492,176,353,130,355,504,58,36,440,252,505,188,291,64,286,432,497,476,369,184,441,128,158,435,137,279,341,320,218,39,304,511,470,224,428,51,111,91,505,335,98,317,468,464,146,273,328,310,218,57,345,322,85,373,85,234,299,277,170,494,236,432,510,281,501,134,198,177,71,400,147,349,354,116,327,467,16,508,406,230,498,197,134,396,85,217,275,256,160,504,272,240,114,106,295,420,474,456,366,209,245,483,212,208,402,17,72,54,474,313,89,66,214,480,172,307,367,347,249,79,354,61,414,179,393,23,85,64,474,295,48,255,35,320,30,176,241,220,113,440,185,384,97,386,99,248,314,292,184,508,249,444
382,373,50,174,227,208,117,470,505,230,401,150,350,482,26,6,421,252,19,497,107,381,79,218,278,256,154,488,243,453,262,32,251,395,458,435,329,144,402,90,347,122,345,493,45,22,425,236,489,172,357,133,357,505,58,34,437,247,500,182,293,66,286,431,494,472,364,178,434,121,158,434,135,275,336,314,211,31,295,502,469,221,425,46,104,83,497,325,88,307,465,460,140,266,320,301,208,46,334,310,91,378,89,237,301,278,169,492,233,428,6,288,507,139,202,179,73,400,146,346,363,125,335,474,22,0,410,232,499,197,145,406,94,226,282,262,165,508,275,241,126,117,306,430,483,464,373,214,249,486,209,204,396,10,64,45,464,302,78,54,213,477,169,302,360,339,241,69,344,51,414,178,391,19,80,58,467,287,39,246,37,322,30,175,238,216,108,434,178,377,101,389,101,249,314,290,181,503,244,438
393,384,61,184,236,216,124,476,510,234,411,160,359,490,34,13,427,257,22,499,116,389,87,225,284,261,157,491,245,453,269,39,257,400,462,438,330,145,402,89,352,127,349,496,47,22,424,234,487,169,360,136,359,506,57,33,434,244,496,177,295,66,285,429,492,468,359,172,428,114,157,432,132,272,331,308,204,23,287,493,466,218,420,41,97,75,488,316,79,297,461,455,134,259,312,291,198,36,323,299,96,383,93,240,303,278,168,490,231,425,13,295,1,144,206,182,74,401,146,345,372,133,343,481,28,5,413,235,501,197,155,416,103,234,290,269,171,1,278,243,137,128,317,440,492,472,380,220,254,490,205,199,390,3,56,35,454,292,67,43,210,474,164,297,353,331,232,60,335,41,413,176,388,16,75,52,460,279,31,237,39,322,29,173,236,212,103,428,172,370,104,392,103,250,313,289,178,500,240,433
404,395,71,194,245,225,132,483,4,239,421,169,369,499,42,20,433,262,26,503,124,397,94,231,290,266,162,494,247,455,276,45,262,405,466,441,332,146,403,89,356,131,352,498,48,23,424,234,485,167,363,138,359,506,56,31,432,241,492,173,295,65,284,427,488,464,354,167,422,108,155,430,129,267,326,302,197,16,279,485,463,213,414,34,90,67,479,307,69,31,455,449,127,251,303,282,188,25,312,288,100,387,96,242,304,279,168,490,229,423,20,301,6,149,210,185,76,402,147,345,380,141,350,487,34,10,418,238,503,199,165,425,113,243,298,276,177,6,282,247,148,139,327,450,501,481,388,227,260,495,199,193,383,507,47,26,444,281,56,32,207,469,158,290,346,323,223,51,325,287,411,174,385,11,70,46,453,272,23,229,39,321,28,171,232,208,98,423,166,364,107,394,103,250,312,287,176,497,236,429
415,406,82,204,255,234,140,490,11,245,430,178,377,507,50,27,440,268,32,507,132,404,101,238,296,272,167,498,251,458,281,50,267,409,470,445,335,148,404,90,360,134,355,500,50,24,424,233,485,165,364,138,360,505,55,29,429,238,489,170,294,64,281,424,485,460,350,162,417,102,153,426,124,262,320,296,190,9,272,478,458,208,408,27,82,59,471,298,61,22,449,442,119,242,294,272,178,15,302,278,104,390,99,244,306,280,168,489,229,421,25,306,11,153,214,189,79,404,148,346,388,148,357,494,40,16,423,242,507,202,174,434,121,251,306,283,184,12,288,251,159,150,338,460,511,490,396,234,267,501,193,186,375,498,38,16,434,271,46,22,202,464,152,283,338,315,215,42,317,278,409,170,380,6,64,40,446,265,16,222,38,320,25,168,229,204,94,418,161,358,108,394,104,249,311,285,173,494,233,426
424,416,92,214,265,243,149,499,19,252,438,187,386,4,58,35,447,275,38,1,138,411,108,245,302,278,172,503,255,462,286,55,272,414,474,448,338,150,406,91,362,136,357,502,52,25,425,234,485,165,364,139,359,505,54,28,428,236,487,167,292,62,279,421,481,456,346,158,413,98,149,422,119,257,315,290,184,2,266,472,452,202,401,20,75,51,463,290,52,14,442,434,110,233,284,262,168,5,292,269,106,392,101,246,308,281,169,490,229,421,30,311,16,158,218,192,82,406,150,347,394,155,364,501,46,22,428,247,511,206,182,443,130,260,314,291,191,19,294,257,168,160,348,470,9,499,405,243,275,508,186,178,366,489,28,6,424,261,36,13,196,458,145,276,331,307,207,34,308,270,405,166,375,1,59,34,440,258,10,216,36,318,23,165,225,200,90,414,157,354,108,395,103,249,310,284,172,492,231,423
433,425,101,223,275,253,158,508,27,260,446,194,394,12,67,43,455,282,45,7,144,417,114,251,308,284,178,508,260,466,289,59,275,418,478,452,342,154,409,94,364,138,359,504,53,27,426,234,485,166,364,138,359,504,53,27,426,234,485,166,289,59,275,418,478,452,342,154,409,94,144,417,114,251,308,284,178,508,260,466,446,194,394,12,67,43,455,282,45,7,433,425,101,223,275,253,158,508,27,260,108,394,103,248,309,283,170,490,229,422,33,315,19,162,222,196,86,410,153,350,400,161,370,507,52,28,434,252,4,210,190,450,138,268,323,299,199,26,301,263,177,169,357,479,19,509,414,252,283,4,177,169,357,479,19,509,414,252,283,4,190,450,138,268,323,299,199,26,301,263,400,161,370,507,52,28,434,252,4,210,33,315,19,162,222,196,86,410,153,350,108,394,103,248,309,283,170,490,229,422
442,434,110,233,284,262,168,5,292,269,452,202,401,20,75,51,463,290,52,14,149,422,119,257,315,290,184,2,266,472,292,62,279,421,481,456,346,158,413,98,364,139,359,505,54,28,428,236,487,167,362,136,357,502,52,25,425,234,485,165,286,55,272,414,474,448,338,150,406,91,138,411,108,245,302,278,172,503,255,462,438,187,386,4,58,35,447,275,38,1,424,416,92,214,265,243,149,499,19,252,108,395,103,249,310,284,172,492,231,423,36,318,23,165,225,200,90,414,157,354,405,166,375,1,59,34,440,258,10,216,196,458,145,276,331,307,207,34,308,270,186,178,366,489,28,6,424,261,36,13,168,160,348,470,9,499,405,243,275,508,182,443,130,260,314,291,191,19,294,257,394,155,364,501,46,22,428,247,511,206,30,311,16,158,218,192,82,406,150,347,106,392,101,246,308,281,169,490,229,421
449,442,119,242,294,272,178,15,302,278,458,208,408,27,82,59,471,298,61,22,153,426,124,262,320,296,190,9,272,478,294,64,281,424,485,460,350,162,417,102,364,138,360,505,55,29,429,238,489,170,360,134,355,500,50,24,424,233,485,165,281,50,267,409,470,445,335,148,404,90,132,404,101,238,296,272,167,498,251,458,430,178,377,507,50,27,440,268,32,507,415,406,82,204,255,234,140,490,11,245,108,394,104,249,311,285,173,494,233,426,38,320,25,168,229,204,94,418,161,358,409,170,380,6,64,40,446,265,16,222,202,464,152,283,338,315,215,42,317,278,193,186,375,498,38,16,434,271,46,22,159,150,338,460,511,490,396,234,267,501,174,434,121,251,306,283,184,12,288,251,388,148,357,494,40,16,423,242,507,202,25,306,11,153,214,189,79,404,148,346,104,390,99,244,306,280,168,489,229,421
455,449,127,251,303,282,188,25,312,288,463,213,414,34,90,67,479,307,69,31,155,430,129,267,326,302,197,16,279,485,295,65,284,427,488,464,354,167,422,108,363,138,359,506,56,31,432,241,492,173,356,131,352,498,48,23,424,234,485,167,276,45,262,405,466,441,332,146,403,89,124,397,94,231,290,266,162,494,247,455,421,169,369,499,42,20,433,262,26,503,404,395,71,194,245,225,132,483,4,239,107,394,103,250,312,287,176,497,236,429,39,321,28,171,232,208,98,423,166,364,411,174,385,11,70,46,453,272,23,229,207,469,158,290,346,323,223,51,325,287,199,193,383,507,47,26,444,281,56,32,148,139,327,450,501,481,388,227,260,495,165,425,113,243,298,276,177,6,282,247,380,141,350,487,34,10,418,238,503,199,20,301,6,149,210,185,76,402,147,345,100,387,96,242,304,279,168,490,229,423
461,455,134,259,312,291,198,36,323,299,466,218,420,41,97,75,488,316,79,297,157,432,132,272,331,308,204,23,287,493,295,66,285,429,492,468,359,172,428,114,360,136,359,506,57,33,434,244,496,177,352,127,349,496,47,22,424,234,487,169,269,39,257,400,462,438,330,145,402,89,116,389,87,225,284,261,157,491,245,453,411,160,359,490,34,13,427,257,22,499,393,384,61,184,236,216,124,476,510,234,104,392,103,250,313,289,178,500,240,433,39,322,29,173,236,212,103,428,172,370,413,176,388,16,75,52,460,279,31,237,210,474,164,297,353,331,232,60,335,41,205,199,390,3,56,35,454,292,67,43,137,128,317,440,492,472,380,220,254,490,155,416,103,234,290,269,171,1,278,243,372,133,343,481,28,5,413,235,501,197,13,295,1,144,206,182,74,401,146,345,96,383,93,240,303,278,168,490,231,425
465,460,140,266,320,301,208,46,334,310,469,221,425,46,104,83,497,325,88,307,158,434,135,275,336,314,211,31,295,502,293,66,286,431,494,472,364,178,434,121,357,133,357,505,58,34,437,247,500,182,347,122,345,493,45,22,425,236,489,172,262,32,251,395,458,435,329,144,402,90,107,381,79,218,278,256,154,488,243,453,401,150,350,482,26,6,421,252,19,497,382,373,50,174,227,208,117,470,505,230,101,389,101,249,314,290,181,503,244,438,37,322,30,175,238,216,108,434,178,377,414,178,391,19,80,58,467,287,39,246,213,477,169,302,360,339,241,69,344,51,209,204,396,10,64,45,464,302,78,54,126,117,306,430,483,464,373,214,249,486,145,406,94,226,282,262,165,508,275,241,363,125,335,474,22,0,410,232,499,197,6,288,507,139,202,179,73,400,146,346,91,378,89,237,301,278,169,492,233,428
468,464,146,273,328,310,218,57,345,322,470,224,428,51,111,91,505,335,98,317,158,435,137,279,341,320,218,39,304,511,291,64,286,432,497,476,369,184,441,128,353,130,355,504,58,36,440,252,505,188,341,117,341,490,43,21,426,238,492,176,254,25,245,390,454,433,327,144,403,93,98,372,71,211,272,252,150,486,242,453,390,140,341,473,19,0,416,248,16,496,370,362,39,164,218,200,110,465,501,227,97,386,99,248,314,292,184,508,249,444,35,320,30,176,241,220,113,440,185,384,414,179,393,23,85,64,474,295,48,255,214,480,172,307,367,347,249,79,354,61,212,208,402,17,72,54,474,313,89,66,114,106,295,420,474,456,366,209,245,483,134,396,85,217,275,256,160,504,272,240,354,116,327,467,16,508,406,230,498,197,510,281,501,134,198,177,71,400,147,349,85,373,85,234,299,277,170,494,236,432
470,467,150,279,336,318,228,68,357,334,470,225,431,56,116,98,2,344,109,328,156,435,138,281,345,326,225,47,313,8,288,62,285,433,499,479,374,190,449,136,348,126,352,503,58,38,443,256,511,195,334,111,336,487,41,21,427,241,496,181,246,18,238,385,450,430,326,144,405,96,88,363,63,204,266,247,148,485,243,455,379,129,331,465,12,506,412,246,15,495,358,351,29,154,210,193,104,460,498,225,92,382,96,247,314,294,187,0,255,451,32,318,29,177,243,223,118,446,193,392,412,179,394,25,89,70,481,303,57,264,214,481,175,312,372,354,258,88,365,72,214,211,406,23,80,62,484,324,101,78,102,95,285,410,466,449,360,204,242,481,123,385,75,209,268,250,156,502,271,239,344,107,319,460,10,503,404,229,499,199,502,274,494,129,194,174,70,400,149,352,78,367,80,231,297,277,171,497,240,437
470,469,154,284,342,326,237,78,368,346,469,226,433,60,122,105,10,353,119,339,154,433,139,284,349,331,231,55,322,18,284,60,284,434,501,483,380,197,457,145,342,122,349,501,58,40,446,261,5,202,326,105,331,483,40,21,428,244,501,186,237,10,231,380,446,428,326,146,408,100,78,353,55,197,261,244,146,484,244,457,368,119,322,457,5,501,408,244,14,496,346,339,18,145,202,186,100,457,496,224,86,378,93,245,314,296,190,5,261,458,28,316,28,178,245,227,124,453,201,401,410,177,395,28,93,75,487,311,66,274,213,482,177,316,378,361,266,97,375,83,214,213,410,28,86,70,493,334,112,90,90,83,274,401,458,442,356,201,240,480,112,375,66,201,261,245,152,500,270,240,334,97,311,453,5,500,402,228,500,201,493,266,487,124,190,172,70,402,152,356,70,361,75,227,296,277,172,500,245,442
470,470,156,288,348,334,246,88,379,358,467,225,435,62,126,111,18,363,129,351,150,431,138,285,352,336,238,63,331,29,279,56,281,433,503,487,385,204,465,154,336,116,345,499,58,41,450,266,12,210,318,98,326,479,38,21,430,247,506,193,228,2,225,374,443,427,326,148,412,104,68,344,47,190,256,241,144,485,246,460,357,109,313,449,511,496,405,243,15,498,334,328,8,136,195,181,96,455,495,225,80,372,89,243,314,297,194,10,268,466,23,312,25,177,247,231,129,460,209,410,406,175,394,29,96,80,494,319,75,285,211,481,179,318,382,367,274,107,385,95,214,214,412,32,92,78,502,344,123,102,78,72,264,392,451,437,352,199,239,481,101,365,57,193,255,240,149,499,271,242,324,88,303,446,0,497,400,229,502,204,484,258,481,118,187,171,70,404,156,360,62,354,70,223,294,277,174,503,250,449
468,470,158,291,353,341,254,98,390,370,464,224,435,64,130,117,25,372,140,362,146,428,137,286,355,341,245,71,341,39,273,51,279,432,504,490,390,211,473,164,328,111,341,497,58,43,454,272,19,218,310,91,320,476,36,21,433,252,0,200,218,505,218,369,440,426,327,150,416,110,57,335,39,184,252,238,144,486,248,465,345,98,304,441,505,492,403,242,16,501,322,317,511,128,188,176,93,453,496,227,72,367,85,241,314,299,198,16,275,474,17,307,23,176,248,234,134,467,217,420,402,172,393,30,99,85,501,327,85,295,208,480,179,320,386,373,281,116,396,106,212,214,414,35,97,85,510,354,134,114,66,61,255,384,444,432,349,197,240,483,89,354,48,185,249,236,147,498,272,245,313,79,295,440,508,494,400,230,504,209,474,249,474,113,184,170,71,406,160,366,54,347,64,220,292,277,177,508,256,456
465,469,158,293,357,347,262,107,401,382,460,221,434,66,133,122,32,381,150,373,140,425,135,286,357,345,251,79,350,50,266,46,275,431,505,493,395,218,482,174,320,104,336,494,58,45,458,278,26,227,301,83,314,472,34,22,435,256,6,208,208,497,211,364,437,425,329,154,421,117,46,325,31,178,247,236,144,488,252,470,334,88,295,434,500,489,402,243,19,505,310,307,502,121,182,172,90,453,497,230,64,360,80,238,314,301,202,22,282,483,10,302,19,175,249,237,139,474,226,430,396,169,391,30,101,89,507,335,94,306,204,477,178,322,389,378,288,125,406,117,209,213,414,37,101,91,6,363,145,126,54,51,246,377,438,428,346,197,241,486,78,344,39,178,244,233,146,499,275,249,302,69,287,434,503,492,400,232,508,214,464,241,467,108,181,169,73,410,165,373,45,339,58,216,290,278,179,0,262,464
461,466,157,295,360,352,269,116,411,393,455,218,432,66,136,127,39,389,160,384,134,420,132,285,359,349,257,87,359,61,259,41,272,429,506,496,400,225,490,184,312,97,331,492,57,47,462,284,34,236,291,75,308,468,33,22,438,261,13,216,198,488,204,359,434,424,330,157,427,124,36,316,23,172,244,234,145,491,257,476,323,79,287,428,496,487,402,245,22,510,299,297,493,114,177,169,89,453,499,234,56,353,75,236,313,303,206,28,290,492,3,297,16,173,250,240,144,481,234,440,390,164,388,29,103,93,1,343,103,317,199,474,176,322,392,383,295,133,416,128,205,210,413,39,104,96,13,372,155,137,43,41,237,370,433,425,345,197,243,490,67,335,31,172,240,231,146,501,278,254,292,60,279,428,500,490,401,235,1,220,454,232,460,103,178,168,74,413,171,380,35,331,52,212,289,278,182,5,269,472
455,463,155,295,363,356,276,124,421,404,449,213,430,65,138,131,45,397,169,395,127,414,129,284,359,352,262,94,369,71,251,34,267,427,506,498,405,231,499,194,303,90,326,488,56,48,466,290,42,245,282,67,302,464,31,23,441,266,20,225,188,479,197,354,432,424,332,162,433,132,25,307,16,167,241,234,146,494,262,483,312,69,279,422,492,485,403,247,26,4,288,31,485,108,173,167,89,455,503,239,47,346,70,232,312,304,210,34,298,501,507,290,11,171,250,242,149,487,243,450,383,158,385,28,103,96,6,350,113,327,193,469,174,321,394,387,301,141,425,139,199,207,411,39,107,100,20,380,165,148,32,287,229,364,429,423,345,199,247,495,56,325,23,166,236,229,147,503,282,260,281,51,272,423,497,490,402,238,6,227,444,223,453,98,176,168,76,418,177,388,26,323,46,208,287,279,185,10,276,481
449,458,153,294,364,360,281,132,430,415,442,208,426,64,138,134,50,404,178,406,119,408,124,281,360,355,267,101,377,82,242,27,262,424,505,500,409,238,507,204,294,82,320,485,55,50,470,296,50,255,272,59,296,460,29,24,445,272,27,234,178,471,190,350,429,424,335,167,440,140,15,298,9,162,238,233,148,498,268,490,302,61,272,417,489,485,404,251,32,11,278,22,478,102,170,165,90,458,507,245,38,338,64,229,311,306,214,40,306,511,498,283,6,168,249,244,153,494,251,460,375,152,380,25,104,99,11,357,121,338,186,464,170,320,394,390,306,148,434,150,193,202,409,38,108,104,25,388,174,159,22,278,222,358,426,421,346,202,251,501,46,317,16,161,233,229,148,507,288,267,271,42,265,418,494,489,404,242,12,234,434,215,446,94,173,168,79,423,184,396,16,315,40,204,285,280,189,16,283,490
442,452,149,292,364,362,286,138,438,424,434,202,422,62,139,136,55,411,187,416,110,401,119,279,359,357,272,108,386,92,233,20,257,421,505,502,414,245,4,214,284,75,315,481,54,52,474,302,58,265,262,51,290,456,28,25,448,278,35,243,168,463,184,346,428,425,338,172,447,149,5,290,2,158,236,234,150,503,275,499,292,52,266,413,487,485,406,255,38,19,269,14,472,98,167,165,91,462,1,252,28,331,59,225,310,308,218,46,314,9,489,276,1,165,249,246,158,501,260,470,366,145,375,23,103,101,16,364,130,348,178,458,166,318,395,392,311,155,443,160,186,196,405,36,108,106,30,394,182,168,13,270,216,354,423,421,347,206,257,508,36,308,10,157,231,229,150,511,294,275,261,34,258,414,492,490,406,247,19,243,424,207,440,90,172,169,82,428,191,405,6,307,34,200,284,281,192,22,291,499
